link,title,author,journal,journal_issue,year,citation
https://scholar.google.com/citations?view_op=view_citation&hl=en&user=CHvd3SUAAAAJ&citation_for_view=CHvd3SUAAAAJ:4OULZ7Gr8RgC,Biological synthesis of nanoparticles from plants and microorganisms,"P Singh, YJ Kim, D Zhang, DC Yang",Trends in biotechnology,34 (7),2016,2112
https://scholar.google.com/citations?view_op=view_citation&hl=en&user=CHvd3SUAAAAJ&citation_for_view=CHvd3SUAAAAJ:lSLTfruPkqcC,Gold nanoparticles in diagnostics and therapeutics for human cancer,"P Singh, S Pandit, V Mokkapati, A Garg, V Ravikumar, I Mijakovic",International journal of molecular sciences,19 (7),2018,1252
https://scholar.google.com/citations?view_op=view_citation&hl=en&user=CHvd3SUAAAAJ&citation_for_view=CHvd3SUAAAAJ:f2IySw72cVMC,Interactions of gold and silver nanoparticles with bacterial biofilms: Molecular interactions behind inhibition and resistance,"AS Joshi, P Singh, I Mijakovic",International journal of molecular sciences,21 (20),2020,337
https://scholar.google.com/citations?view_op=view_citation&hl=en&user=CHvd3SUAAAAJ&citation_for_view=CHvd3SUAAAAJ:roLk4NBRz8UC,"Green synthesis of silver nanoparticles by Bacillus methylotrophicus, and their antimicrobial activity","C Wang, YJ Kim, P Singh, R Mathiyalagan, Y Jin, DC Yang","Artificial cells, nanomedicine, and biotechnology",44 (4),2016,314
https://scholar.google.com/citations?view_op=view_citation&hl=en&user=CHvd3SUAAAAJ&citation_for_view=CHvd3SUAAAAJ:a0OBvERweLwC,Ecofriendly synthesis of silver and gold nanoparticles by Euphrasia officinalis leaf extract and its biomedical applications,"H Singh, J Du, P Singh, TH Yi","Artificial cells, nanomedicine, and biotechnology",46 (6),2018,295
https://scholar.google.com/citations?view_op=view_citation&hl=en&user=CHvd3SUAAAAJ&citation_for_view=CHvd3SUAAAAJ:zYLM7Y9cAGgC,"Biosynthesis, characterization, and antimicrobial applications of silver nanoparticles","P Singh, YJ Kim, H Singh, C Wang, KH Hwang, MEA Farh, DC Yang",International journal of nanomedicine,,2015,291
https://scholar.google.com/citations?view_op=view_citation&hl=en&user=CHvd3SUAAAAJ&citation_for_view=CHvd3SUAAAAJ:_Qo2XoVZTnwC,Green synthesis of gold and silver nanoparticles from Cannabis sativa (industrial hemp) and their capacity for biofilm inhibition,"P Singh, S Pandit, J Garnæs, S Tunjic, VRSS Mokkapati, A Sultan, ...",International journal of nanomedicine,,2018,285
https://scholar.google.com/citations?view_op=view_citation&hl=en&user=CHvd3SUAAAAJ&citation_for_view=CHvd3SUAAAAJ:Tyk-4Ss8FVUC,"The development of a green approach for the biosynthesis of silver and gold nanoparticles by using Panax ginseng root extract, and their biological applications","P Singh, YJ Kim, C Wang, R Mathiyalagan, DC Yang","Artificial cells, nanomedicine, and biotechnology",44 (4),2016,237
https://scholar.google.com/citations?view_op=view_citation&hl=en&user=CHvd3SUAAAAJ&citation_for_view=CHvd3SUAAAAJ:SeFeTyx0c_EC,Antimicrobial effects of biogenic nanoparticles,"P Singh, A Garg, S Pandit, V Mokkapati, I Mijakovic",Nanomaterials,8 (12),2018,235
https://scholar.google.com/citations?view_op=view_citation&hl=en&user=CHvd3SUAAAAJ&citation_for_view=CHvd3SUAAAAJ:4JMBOYKVnBMC,Extracellular synthesis of silver nanoparticles by Pseudomonas sp. THG-LS1. 4 and their antimicrobial application,"H Singh, J Du, P Singh, TH Yi",Journal of pharmaceutical analysis,8 (4),2018,235
https://scholar.google.com/citations?view_op=view_citation&hl=en&user=CHvd3SUAAAAJ&citation_for_view=CHvd3SUAAAAJ:MXK_kJrjxJIC,Intracellular synthesis of gold nanoparticles with antioxidant activity by probiotic Lactobacillus kimchicus DCY51T isolated from Korean kimchi,"DCY Josua Markus, Ramya Mathiyalagan, Yeon-Ju Kim, Ragavendran Abbai ...",Enzyme and Microbial Technology,,2016,231
https://scholar.google.com/citations?view_op=view_citation&hl=en&user=CHvd3SUAAAAJ&citation_for_view=CHvd3SUAAAAJ:u-x6o8ySG0sC,Extracellular synthesis of silver and gold nanoparticles by Sporosarcina koreensis DC4 and their biological applications,"P Singh, H Singh, YJ Kim, R Mathiyalagan, C Wang, DC Yang",Enzyme and microbial technology,,2016,214
https://scholar.google.com/citations?view_op=view_citation&hl=en&user=CHvd3SUAAAAJ&citation_for_view=CHvd3SUAAAAJ:Y0pCki6q_DkC,"Biogenic silver and gold nanoparticles synthesized using red ginseng root extract, and their applications","P Singh, YJ Kim, C Wang, R Mathiyalagan, M El-Agamy Farh, DC Yang","Artificial cells, nanomedicine, and biotechnology",44 (3),2016,212
https://scholar.google.com/citations?view_op=view_citation&hl=en&user=CHvd3SUAAAAJ&citation_for_view=CHvd3SUAAAAJ:r0BpntZqJG4C,In vitro anti-inflammatory activity of spherical silver nanoparticles and monodisperse hexagonal gold nanoparticles by fruit extract of Prunus serrulata: a green …,"P Singh, S Ahn, JP Kang, S Veronika, Y Huo, H Singh, M Chokkaligam, ...","Artificial cells, nanomedicine, and biotechnology",46 (8),2018,207
https://scholar.google.com/citations?view_op=view_citation&hl=en&user=CHvd3SUAAAAJ&citation_for_view=CHvd3SUAAAAJ:9yKSN-GCB0IC,A strategic approach for rapid synthesis of gold and silver nanoparticles by Panax ginseng leaves,"P Singh, YJ Kim, DC Yang","Artificial cells, nanomedicine, and biotechnology",44 (8),2016,203
https://scholar.google.com/citations?view_op=view_citation&hl=en&user=CHvd3SUAAAAJ&citation_for_view=CHvd3SUAAAAJ:dfsIfKJdRG4C,Cardamom fruits as a green resource for facile synthesis of gold and silver nanoparticles and their biological applications,"V Soshnikova, YJ Kim, P Singh, Y Huo, J Markus, S Ahn, ...","Artificial cells, nanomedicine, and biotechnology",46 (1),2018,177
https://scholar.google.com/citations?view_op=view_citation&hl=en&user=CHvd3SUAAAAJ&citation_for_view=CHvd3SUAAAAJ:hC7cP41nSMkC,Anticancer activity of silver nanoparticles from Panax ginseng fresh leaves in human cancer cells,"V Castro-Aceituno, S Ahn, SY Simu, P Singh, R Mathiyalagan, HA Lee, ...",Biomedicine & Pharmacotherapy,,2016,169
https://scholar.google.com/citations?view_op=view_citation&hl=en&user=CHvd3SUAAAAJ&citation_for_view=CHvd3SUAAAAJ:kNdYIx-mwKoC,Rapid green synthesis of silver and gold nanoparticles using Dendropanax morbifera leaf extract and their anticancer activities,"C Wang, R Mathiyalagan, YJ Kim, V Castro-Aceituno, P Singh, S Ahn, ...",International Journal of Nanomedicine,,2016,165
https://scholar.google.com/citations?view_op=view_citation&hl=en&user=CHvd3SUAAAAJ&citation_for_view=CHvd3SUAAAAJ:g5m5HwL7SMYC,Anti-biofilm effects of gold and silver nanoparticles synthesized by the Rhodiola rosea rhizome extracts,"P Singh, S Pandit, M Beshay, V Mokkapati, J Garnaes, ME Olsson, ...","Artificial cells, nanomedicine, and biotechnology",,2018,153
https://scholar.google.com/citations?view_op=view_citation&hl=en&user=CHvd3SUAAAAJ&citation_for_view=CHvd3SUAAAAJ:YsMSGLbcyi4C,Pseudomonas deceptionensis DC5-mediated synthesis of extracellular silver nanoparticles,"JH Jo, P Singh, YJ Kim, C Wang, R Mathiyalagan, CG Jin, DC Yang","Artificial cells, nanomedicine, and biotechnology",44 (6),2016,150
https://scholar.google.com/citations?view_op=view_citation&hl=en&user=CHvd3SUAAAAJ&cstart=20&pagesize=80&citation_for_view=CHvd3SUAAAAJ:5awf1xo2G04C,Advancing sustainable agriculture: a critical review of smart and eco-friendly nanomaterial applications,"SR Balusamy, AS Joshi, H Perumalsamy, I Mijakovic, P Singh",Journal of Nanobiotechnology,21 (1),2023,137
https://scholar.google.com/citations?view_op=view_citation&hl=en&user=CHvd3SUAAAAJ&cstart=20&pagesize=80&citation_for_view=CHvd3SUAAAAJ:qjMakFHDy7sC,Weissella oryzae DC6-facilitated green synthesis of silver nanoparticles and their antimicrobial potential,"P Singh, YJ Kim, C Wang, R Mathiyalagan, DC Yang","Artificial cells, nanomedicine, and biotechnology",44 (6),2016,137
https://scholar.google.com/citations?view_op=view_citation&hl=en&user=CHvd3SUAAAAJ&cstart=20&pagesize=80&citation_for_view=CHvd3SUAAAAJ:b0M2c_1WBrUC,Silver nanoparticles produced from Cedecea sp. exhibit antibiofilm activity and remarkable stability,"P Singh, S Pandit, C Jers, AS Joshi, J Garnæs, I Mijakovic",Scientific reports,11 (1),2021,135
https://scholar.google.com/citations?view_op=view_citation&hl=en&user=CHvd3SUAAAAJ&cstart=20&pagesize=80&citation_for_view=CHvd3SUAAAAJ:5nxA0vEk-isC,Green synthesis of multifunctional silver and gold nanoparticles from the oriental herbal adaptogen: Siberian ginseng,"R Abbai, R Mathiyalagan, J Markus, YJ Kim, C Wang, P Singh, S Ahn, ...",International journal of nanomedicine,,2016,130
https://scholar.google.com/citations?view_op=view_citation&hl=en&user=CHvd3SUAAAAJ&cstart=20&pagesize=80&citation_for_view=CHvd3SUAAAAJ:4DMP91E08xMC,Biological synthesis of gold and silver chloride nanoparticles by Glycyrrhiza uralensis and in vitro applications,"Y Huo, P Singh, YJ Kim, V Soshnikova, J Kang, J Markus, S Ahn, ...","Artificial cells, nanomedicine, and biotechnology",46 (2),2018,125
https://scholar.google.com/citations?view_op=view_citation&hl=en&user=CHvd3SUAAAAJ&cstart=20&pagesize=80&citation_for_view=CHvd3SUAAAAJ:D03iK_w7-QYC,"Applications of Panax ginseng leaves-mediated gold nanoparticles in cosmetics relation to antioxidant, moisture retention, and whitening effect on B16BL6 cells","ZE Jiménez-Pérez, P Singh, YJ Kim, R Mathiyalagan, DH Kim, MH Lee, ...",Journal of ginseng research,42 (3),2018,123
https://scholar.google.com/citations?view_op=view_citation&hl=en&user=CHvd3SUAAAAJ&cstart=20&pagesize=80&citation_for_view=CHvd3SUAAAAJ:u_35RYKgDlwC,Biosynthesis of Anisotropic Silver Nanoparticles by Bhargavaea indica and Their Synergistic Effect with Antibiotics against Pathogenic Microorganisms,"P Singh, YJ Kim, H Singh, R Mathiyalagan, C Wang, DC Yang",Journal of Nanomaterials,2015 (1),2015,123
https://scholar.google.com/citations?view_op=view_citation&hl=en&user=CHvd3SUAAAAJ&cstart=20&pagesize=80&citation_for_view=CHvd3SUAAAAJ:OU6Ihb5iCvQC,Strong Antimicrobial Activity of Silver Nanoparticles Obtained by the Green Synthesis in Viridibacillus sp. Extracts,"P Singh, I Mijakovic",Frontiers in Microbiology,,2022,117
https://scholar.google.com/citations?view_op=view_citation&hl=en&user=CHvd3SUAAAAJ&cstart=20&pagesize=80&citation_for_view=CHvd3SUAAAAJ:7T2F9Uy0os0C,"Advanced nanomaterials for cancer therapy: gold, silver, and iron oxide nanoparticles in oncological applications","P Singh, S Pandit, SR Balusamy, M Madhusudanan, H Singh, ...",Advanced Healthcare Materials,14 (4),2025,99
https://scholar.google.com/citations?view_op=view_citation&hl=en&user=CHvd3SUAAAAJ&cstart=20&pagesize=80&citation_for_view=CHvd3SUAAAAJ:qxL8FJ1GzNcC,"Aluminium resistant, plant growth promoting bacteria induce overexpression of Aluminium stress related genes in Arabidopsis thaliana and increase the ginseng tolerance against …","MEA Farh, YJ Kim, J Sukweenadhi, P Singh, DC Yang",Microbiological Research,,2017,89
https://scholar.google.com/citations?view_op=view_citation&hl=en&user=CHvd3SUAAAAJ&cstart=20&pagesize=80&citation_for_view=CHvd3SUAAAAJ:HoB7MX3m0LUC,Biosynthesized gold and silver nanoparticles by aqueous fruit extract of Chaenomeles sinensis and screening of their biomedical activities,"KH Oh, V Soshnikova, J Markus, YJ Kim, SC Lee, P Singh, ...","Artificial cells, nanomedicine, and biotechnology",46 (3),2018,82
https://scholar.google.com/citations?view_op=view_citation&hl=en&user=CHvd3SUAAAAJ&cstart=20&pagesize=80&citation_for_view=CHvd3SUAAAAJ:M05iB0D1s5AC,Facile synthesis of Au and Ag nanoparticles using fruit extract of Lycium chinense and their anticancer activity,"M Chokkalingam, P Singh, Y Huo, V Soshnikova, S Ahn, J Kang, ...",Journal of Drug Delivery Science and Technology,,2019,75
https://scholar.google.com/citations?view_op=view_citation&hl=en&user=CHvd3SUAAAAJ&cstart=20&pagesize=80&citation_for_view=CHvd3SUAAAAJ:hFOr9nPyWt4C,"Bovine serum albumin as a nanocarrier for the efficient delivery of ginsenoside compound K: Preparation, physicochemical characterizations and in vitro biological studies","P Singh, H Singh, V Castro-Aceituno, S Ahn, YJ Kim, DC Yang",RSC Advances,7 (25),2017,74
https://scholar.google.com/citations?view_op=view_citation&hl=en&user=CHvd3SUAAAAJ&cstart=20&pagesize=80&citation_for_view=CHvd3SUAAAAJ:UeHWp8X0CEIC,Microbial synthesis of flower-shaped gold nanoparticles,"P Singh, YJ Kim, C Wang, R Mathiyalagan, DC Yang","Artificial cells, nanomedicine, and biotechnology",44 (6),2016,71
https://scholar.google.com/citations?view_op=view_citation&hl=en&user=CHvd3SUAAAAJ&cstart=20&pagesize=80&citation_for_view=CHvd3SUAAAAJ:p2g8aNsByqUC,Green synthesis and antibacterial applications of gold and silver nanoparticles from Ligustrum vulgare berries,"P Singh, I Mijakovic",Scientific Reports,12 (1),2022,70
https://scholar.google.com/citations?view_op=view_citation&hl=en&user=CHvd3SUAAAAJ&cstart=20&pagesize=80&citation_for_view=CHvd3SUAAAAJ:uWQEDVKXjbEC,Antibacterial effect of silver nanoparticles is stronger if the production host and the targeted pathogen are closely related,"P Singh, I Mijakovic",Biomedicines,10 (3),2022,70
https://scholar.google.com/citations?view_op=view_citation&hl=en&user=CHvd3SUAAAAJ&cstart=20&pagesize=80&citation_for_view=CHvd3SUAAAAJ:xtRiw3GOFMkC,A Sustainable Approach for the Green Synthesis of Silver Nanoparticles from Solibacillus isronensis sp. and Their Application in Biofilm Inhibition,"P Singh, S Pandit, V Mokkapati, J Garnæs, I Mijakovic",Molecules,25 (12),2020,68
https://scholar.google.com/citations?view_op=view_citation&hl=en&user=CHvd3SUAAAAJ&cstart=20&pagesize=80&citation_for_view=CHvd3SUAAAAJ:RHpTSmoSYBkC,Development of superparamagnetic iron oxide nanoparticles via direct conjugation with ginsenosides and its in-vitro study,"H Singh, J Du, P Singh, GT Mavlonov, TH Yi",Journal of Photochemistry and Photobiology B: Biology,,2018,68
https://scholar.google.com/citations?view_op=view_citation&hl=en&user=CHvd3SUAAAAJ&cstart=20&pagesize=80&citation_for_view=CHvd3SUAAAAJ:3s1wT3WcHBgC,Role of green silver nanoparticles synthesized from Symphytum officinale leaf extract in protection against UVB-induced photoaging,"H Singh, J Du, P Singh, TH Yi",Journal of Nanostructure in Chemistry,8 (3),2018,67
https://scholar.google.com/citations?view_op=view_citation&hl=en&user=CHvd3SUAAAAJ&cstart=20&pagesize=80&citation_for_view=CHvd3SUAAAAJ:ULOm3_A8WrAC,"Pharmacological importance, characterization and applications of gold and silver nanoparticles synthesized by Panax ginseng fresh leaves","P Singh, H Singh, S Ahn, V Castro-Aceituno, Z Jiménez, SY Simu, YJ Kim, ...","Artificial cells, nanomedicine, and biotechnology",45 (7),2017,65
https://scholar.google.com/citations?view_op=view_citation&hl=en&user=CHvd3SUAAAAJ&cstart=20&pagesize=80&citation_for_view=CHvd3SUAAAAJ:cFHS6HbyZ2cC,Characterization and antimicrobial application of biosynthesized gold and silver nanoparticles by using Microbacterium resistens,"C Wang, P Singh, YJ Kim, R Mathiyalagan, D Myagmarjav, D Wang, ...","Artificial Cells, Nanomedicine, and Biotechnology",44 (7),2016,60
https://scholar.google.com/citations?view_op=view_citation&hl=en&user=CHvd3SUAAAAJ&cstart=20&pagesize=80&citation_for_view=CHvd3SUAAAAJ:u5HHmVD_uO8C,Anti-biofouling organic-inorganic hybrid membrane for water treatment,"AK Singh, P Singh, S Mishra, VK Shahi",Journal of Materials Chemistry,22 (5),2012,59
https://scholar.google.com/citations?view_op=view_citation&hl=en&user=CHvd3SUAAAAJ&cstart=20&pagesize=80&citation_for_view=CHvd3SUAAAAJ:P5F9QuxV20EC,Gold nanoflowers synthesized using Acanthopanacis cortex extract inhibit inflammatory mediators in LPS-induced RAW264. 7 macrophages via NF-κB and AP-1 pathways,"S Ahn, P Singh, M Jang, YJ Kim, V Castro-Aceituno, SY Simu, YJ Kim, ...",Colloids and Surfaces B: Biointerfaces,,2018,57
https://scholar.google.com/citations?view_op=view_citation&hl=en&user=CHvd3SUAAAAJ&cstart=20&pagesize=80&citation_for_view=CHvd3SUAAAAJ:yD5IFk8b50cC,Gold nanoparticles synthesized using Panax ginseng leaves suppress inflammatory - mediators production via blockade of NF-κB activation in macrophages,"S Ahn, P Singh, V Castro-Aceituno, S Yesmin Simu, YJ Kim, ...","Artificial cells, nanomedicine, and biotechnology",45 (2),2017,57
https://scholar.google.com/citations?view_op=view_citation&hl=en&user=CHvd3SUAAAAJ&cstart=20&pagesize=80&citation_for_view=CHvd3SUAAAAJ:LkGwnXOMwfcC,"Burkholderia ginsengiterrae sp. nov. and Burkholderia panaciterrae sp. nov., antagonistic bacteria against root rot pathogen Cylindrocarpon destructans, isolated …","MEA Farh, YJ Kim, H Van An, J Sukweenadhi, P Singh, MA Huq, ...",Archives of microbiology,197 (3),2015,51
https://scholar.google.com/citations?view_op=view_citation&hl=en&user=CHvd3SUAAAAJ&cstart=20&pagesize=80&citation_for_view=CHvd3SUAAAAJ:CHSYGLWDkRkC,In situ preparation of water-soluble ginsenoside Rh2-entrapped bovine serum albumin nanoparticles: in vitro cytocompatibility studies,"P Singh, YJ Kim, H Singh, S Ahn, V Castro-Aceituno, DC Yang",International journal of nanomedicine,,2017,50
https://scholar.google.com/citations?view_op=view_citation&hl=en&user=CHvd3SUAAAAJ&cstart=20&pagesize=80&citation_for_view=CHvd3SUAAAAJ:YOwf2qJgpHMC,Biodegradable polymeric substances produced by a marine bacterium from a surplus stream of the biodiesel industry,"S Bhattacharya, S Dubey, P Singh, A Shrivastava, S Mishra",Bioengineering,3 (4),2016,50
https://scholar.google.com/citations?view_op=view_citation&hl=en&user=CHvd3SUAAAAJ&cstart=20&pagesize=80&citation_for_view=CHvd3SUAAAAJ:e5wmG9Sq2KIC,Biosynthesis of gold and silver chloride nanoparticles mediated by Crataegus pinnatifida fruit extract: in vitro study of anti-inflammatory activities,"JP Kang, YJ Kim, P Singh, Y Huo, V Soshnikova, J Markus, S Ahn, ...","Artificial Cells, Nanomedicine, and Biotechnology",46 (8),2018,45
https://scholar.google.com/citations?view_op=view_citation&hl=en&user=CHvd3SUAAAAJ&cstart=20&pagesize=80&citation_for_view=CHvd3SUAAAAJ:AXPGKjj_ei8C,Retrospective analysis of the key molecules involved in the green synthesis of nanoparticles,"F Khan, GJ Jeong, P Singh, N Tabassum, I Mijakovic, YM Kim",Nanoscale,14 (40),2022,42
https://scholar.google.com/citations?view_op=view_citation&hl=en&user=CHvd3SUAAAAJ&cstart=20&pagesize=80&citation_for_view=CHvd3SUAAAAJ:eMMeJKvmdy0C,Multiple potential strategies for the application of nisin and derivatives,"F Khan, P Singh, AS Joshi, N Tabassum, GJ Jeong, NI Bamunuarachchi, ...",Critical Reviews in Microbiology,49 (5),2023,39
https://scholar.google.com/citations?view_op=view_citation&hl=en&user=CHvd3SUAAAAJ&cstart=20&pagesize=80&citation_for_view=CHvd3SUAAAAJ:ldfaerwXgEUC,Pathogenesis strategies and regulation of ginsenosides by two species of Ilyonectria in Panax ginseng: Power of speciation,"MEA Farh, YJ Kim, R Abbai, P Singh, KH Jung, YJ Kim, DC Yang",Journal of ginseng research,44 (2),2020,38
https://scholar.google.com/citations?view_op=view_citation&hl=en&user=CHvd3SUAAAAJ&cstart=20&pagesize=80&citation_for_view=CHvd3SUAAAAJ:EUQCXRtRnyEC,Advances in gold nanoparticle technology as a tool for diagnostics and treatment of cancer,"P Singh, I Mijakovic",Expert review of molecular diagnostics,21 (7),2021,37
https://scholar.google.com/citations?view_op=view_citation&hl=en&user=CHvd3SUAAAAJ&cstart=20&pagesize=80&citation_for_view=CHvd3SUAAAAJ:NhqRSupF_l8C,Rowan berries: a potential source for green synthesis of extremely monodisperse gold and silver nanoparticles and their antimicrobial property,"P Singh, I Mijakovic",Pharmaceutics,14 (1),2021,36
https://scholar.google.com/citations?view_op=view_citation&hl=en&user=CHvd3SUAAAAJ&cstart=20&pagesize=80&citation_for_view=CHvd3SUAAAAJ:KxtntwgDAa4C,Engineering of mesoporous silica nanoparticles for release of ginsenoside CK and Rh2 to enhance their anticancer and anti-inflammatory efficacy: in vitro studies,"P Singh, H Singh, V Castro-Aceituno, S Ahn, YJ Kim, MEA Farh, DC Yang",Journal of Nanoparticle Research,19 (7),2017,32
https://scholar.google.com/citations?view_op=view_citation&hl=en&user=CHvd3SUAAAAJ&cstart=20&pagesize=80&citation_for_view=CHvd3SUAAAAJ:_kc_bZDykSQC,Cross Interaction between Ilyonectria mors-panacis Isolates Infecting Korean Ginseng and Ginseng Saponins in Correlation with Their Pathogenicity,MEAFYJKPSDC Yang,Phytopathology,,2016,28
https://scholar.google.com/citations?view_op=view_citation&hl=en&user=CHvd3SUAAAAJ&cstart=20&pagesize=80&citation_for_view=CHvd3SUAAAAJ:WF5omc3nYNoC,"Protopanaxadiol aglycone ginsenoside-polyethylene glycol conjugates: synthesis, physicochemical characterizations, and in vitro studies","R Mathiyalagan, YJ Kim, C Wang, Y Jin, S Subramaniyam, P Singh, ...","Artificial cells, nanomedicine, and biotechnology",44 (8),2016,28
https://scholar.google.com/citations?view_op=view_citation&hl=en&user=CHvd3SUAAAAJ&cstart=20&pagesize=80&citation_for_view=CHvd3SUAAAAJ:2osOgNQ5qMEC,"Sphingomonas panacis sp. nov., isolated from rhizosphere of rusty ginseng","P Singh, YJ Kim, VA Hoang, MEA Farh, DC Yang",Antonie Van Leeuwenhoek,108 (3),2015,26
https://scholar.google.com/citations?view_op=view_citation&hl=en&user=CHvd3SUAAAAJ&cstart=20&pagesize=80&citation_for_view=CHvd3SUAAAAJ:W7OEmFMy1HYC,"Cupriavidus yeoncheonense sp. nov., isolated from soil of ginseng","P Singh, YJ Kim, NL Nguyen, VA Hoang, J Sukweenadhi, MEA Farh, ...",Antonie van Leeuwenhoek,107 (3),2015,26
https://scholar.google.com/citations?view_op=view_citation&hl=en&user=CHvd3SUAAAAJ&cstart=20&pagesize=80&citation_for_view=CHvd3SUAAAAJ:Y5dfb0dijaUC,Polydopamine/graphene oxide coatings loaded with tetracycline and green Ag nanoparticles for effective prevention of biofilms,"J Zhang, P Singh, Z Cao, S Rahimi, S Pandit, I Mijakovic",Applied Surface Science,,2023,24
https://scholar.google.com/citations?view_op=view_citation&hl=en&user=CHvd3SUAAAAJ&cstart=20&pagesize=80&citation_for_view=CHvd3SUAAAAJ:35N4QoGY0k4C,Gold nanoparticles synthesized with fresh Panax ginseng leaf extract suppress adipogenesis by downregulating PPARγ/CEBPα signaling in 3T3-L1 mature adipocytes,"SY Simu, S Ahn, V Castro-Aceituno, P Singh, R Mathiyalagan, ...",Journal of Nanoscience and Nanotechnology,19 (2),2019,23
https://scholar.google.com/citations?view_op=view_citation&hl=en&user=CHvd3SUAAAAJ&cstart=20&pagesize=80&citation_for_view=CHvd3SUAAAAJ:kzcrU_BdoSEC,"Harnessing the nutriceutics in early-stage breast cancer: mechanisms, combinational therapy, and drug delivery","ADPS Pavithra Pradeep Prabhu, Barsha Mohanty, Cynthia Lizzie Lobo, Sri ...",Journal of Nanobiotechnology,,2024,22
https://scholar.google.com/citations?view_op=view_citation&hl=en&user=CHvd3SUAAAAJ&cstart=20&pagesize=80&citation_for_view=CHvd3SUAAAAJ:tKAzc9rXhukC,Cost-effective and eco-friendly sprayable nanogels (ZC-CSNG) for multifunctional wound dressing applications,"S Basak, P Singh, A Weller, FB Kadumudi, PJ Kempen, I Mijakovic, ...",Chemical Engineering Journal,,2025,19
https://scholar.google.com/citations?view_op=view_citation&hl=en&user=CHvd3SUAAAAJ&cstart=20&pagesize=80&citation_for_view=CHvd3SUAAAAJ:tzM49s52ZIMC,Lactoferrin as a Versatile Agent in Nanoparticle Applications: From Therapeutics to Agriculture,"EA sçi, F Eker, H Duman, P Singh, M Bechelany, S Karav",Nanomaterials,,2024,19
https://scholar.google.com/citations?view_op=view_citation&hl=en&user=CHvd3SUAAAAJ&cstart=20&pagesize=80&citation_for_view=CHvd3SUAAAAJ:iH-uZ7U-co4C,"Rhodoferax koreense sp. nov, an obligately aerobic bacterium within the family Comamonadaceae, and emended description of the genus Rhodoferax","MEA Farh, YJ Kim, P Singh, SY Jung, JP Kang, DC Yang",Journal of Microbiology,55 (10),2017,16
https://scholar.google.com/citations?view_op=view_citation&hl=en&user=CHvd3SUAAAAJ&cstart=20&pagesize=80&citation_for_view=CHvd3SUAAAAJ:1sJd4Hv_s6UC,"Antimicrobial, antioxidant, and anticancer potentials of AgCl nanoparticles biosynthesized by Flavobacterium panacis","Y Huo, YX Han, P Singh, JP Kang, JY Pu, CH Piao, DC Yang",Applied Physics A,127 (4),2021,15
https://scholar.google.com/citations?view_op=view_citation&hl=en&user=CHvd3SUAAAAJ&cstart=20&pagesize=80&citation_for_view=CHvd3SUAAAAJ:nb7KW1ujOQ8C,"Phenylobacterium panacis sp. nov., isolated from the rhizosphere of rusty mountain ginseng","MEA Farh, YJ Kim, P Singh, VA Hoang, DC Yang",International Journal of Systematic and Evolutionary Microbiology,,2016,14
https://scholar.google.com/citations?view_op=view_citation&hl=en&user=CHvd3SUAAAAJ&cstart=20&pagesize=80&citation_for_view=CHvd3SUAAAAJ:UHK10RUVsp4C,Viridibacillus culture derived silver nanoparticles exert potent anticancer action in 2D and 3D models of lung cancer via mitochondrial depolarization-mediated apoptosis,"AS Joshi, MV Bapat, P Singh, I Mijakovic",Materials Today Bio,,2024,13
https://scholar.google.com/citations?view_op=view_citation&hl=en&user=CHvd3SUAAAAJ&cstart=20&pagesize=80&citation_for_view=CHvd3SUAAAAJ:R3hNpaxXUhUC,Discovery of a new primer set for detection and quantification of Ilyonectria mors-panacis in soils for ginseng cultivation,"MEA Farh, JA Han, YJ Kim, JC Kim, P Singh, DC Yang",Journal of Ginseng Research,43 (1),2019,13
https://scholar.google.com/citations?view_op=view_citation&hl=en&user=CHvd3SUAAAAJ&cstart=20&pagesize=80&citation_for_view=CHvd3SUAAAAJ:TQgYirikUcIC,"Achromobacter panacis sp. nov., isolated from rhizosphere of Panax ginseng","P Singh, YJ Kim, H Singh, MEA Farh, DC Yang",Journal of Microbiology,55 (6),2017,9
https://scholar.google.com/citations?view_op=view_citation&hl=en&user=CHvd3SUAAAAJ&cstart=20&pagesize=80&citation_for_view=CHvd3SUAAAAJ:d1gkVwhDpl0C,"Chryseobacterium panacis sp. nov., isolated from ginseng soil","P Singh, YJ Kim, MEA Farh, WD Dan, CH Kang, DC Yang",Antonie Van Leeuwenhoek,109 (2),2016,9
https://scholar.google.com/citations?view_op=view_citation&hl=en&user=CHvd3SUAAAAJ&cstart=20&pagesize=80&citation_for_view=CHvd3SUAAAAJ:zA6iFVUQeVQC,"Pedobacter panacis sp. nov., isolated from Panax ginseng soil","P Singh, H Singh, YJ Kim, DC Yang",Antonie Van Leeuwenhoek,110 (2),2017,8
https://scholar.google.com/citations?view_op=view_citation&hl=en&user=CHvd3SUAAAAJ&cstart=20&pagesize=80&citation_for_view=CHvd3SUAAAAJ:8k81kl-MbHgC,"Flavobacterium panacis sp. nov., isolated from rhizosphere of Panax ginseng.","YDC Kim DH, Singh P, Farh ME, Kim YJ, Nguyen NL, Lee HA",Antonie Van Leeuwenhoek,,2016,8
https://scholar.google.com/citations?view_op=view_citation&hl=en&user=CHvd3SUAAAAJ&cstart=20&pagesize=80&citation_for_view=CHvd3SUAAAAJ:_FxGoFyzp5QC,"Microbacterium rhizomatis sp. nov., a β-glucosidase-producing bacterium isolated from rhizome of Korean mountain ginseng","VA Hoang, YJ Kim, NL Nguyen, CH Kang, JP Kang, P Singh, MEA Farh, ...",International Journal of Systematic and Evolutionary Microbiology,,2015,8
https://scholar.google.com/citations?view_op=view_citation&hl=en&user=CHvd3SUAAAAJ&cstart=20&pagesize=80&citation_for_view=CHvd3SUAAAAJ:j8SEvjWlNXcC,Green Synthesis of Silver Nanoparticles: A Review of Polymer and Antimicrobial Drug Combinations for Enhanced Antimicrobial Applications,"M Madhusudanan, J Zhang, S Pandit, P Singh, GJ Jeong, F Khan, ...",Advanced NanoBiomed Research,5 (12),2025,7
https://scholar.google.com/citations?view_op=view_citation&hl=en&user=CHvd3SUAAAAJ&cstart=20&pagesize=80&citation_for_view=CHvd3SUAAAAJ:VLnqNzywnoUC,Medical importance and pharmacokinetics of gold nanoparticles in the human body,"P Singh, AS Joshi, H Singh, I Mijakovic",Molecular Cancer,,2025,6
https://scholar.google.com/citations?view_op=view_citation&hl=en&user=CHvd3SUAAAAJ&cstart=20&pagesize=80&citation_for_view=CHvd3SUAAAAJ:_Ybze24A_UAC,Harnessing barley grains for green synthesis of gold and silver nanoparticles with antibacterial potential,IM Priyanka Singh,Discover Nano,,2024,6
https://scholar.google.com/citations?view_op=view_citation&hl=en&user=CHvd3SUAAAAJ&cstart=20&pagesize=80&citation_for_view=CHvd3SUAAAAJ:yB1At4FlUx8C,"Erratum to: Sphingomonas panacis sp. nov., isolated from rhizosphere of rusty ginseng","P Singh, YJ Kim, VA Hoang, MEA Farh, DC Yang",Antonie Van Leeuwenhoek,109 (5),2016,6
https://scholar.google.com/citations?view_op=view_citation&hl=en&user=CHvd3SUAAAAJ&cstart=20&pagesize=80&citation_for_view=CHvd3SUAAAAJ:ufrVoPGSRksC,"Paenibacillus panaciterrae sp. nov., isolated from ginseng-cultivated soil","NL Nguyen, YJ Kim, VA Hoang, JP Kang, P Singh, DC Yang",International Journal of Systematic and Evolutionary Microbiology,,2015,6
https://scholar.google.com/citations?view_op=view_citation&hl=en&user=CHvd3SUAAAAJ&cstart=20&pagesize=80&citation_for_view=CHvd3SUAAAAJ:t7zJ5fGR-2UC,Smart hybrid nanomaterials for chronic infections: microbiome-responsive and sustainable therapeutic platforms,"H Singh, SR Balusamy, J Sukweenadhi, M Saravanan, M Aruchamy, ...",Journal of Nanobiotechnology,,2025,3
https://scholar.google.com/citations?view_op=view_citation&hl=en&user=CHvd3SUAAAAJ&cstart=20&pagesize=80&citation_for_view=CHvd3SUAAAAJ:9Nmd_mFXekcC,"Advanced Nanomaterials for Cancer Therapy: Gold, Silver, and Iron Oxide Nanoparticles in Oncological Applications (Adv. Healthcare Mater. 4/2025)","IM Priyanka Singh, Santosh Pandit, Sri Renukadevi Balusamy, Mukil ...",Advanced Healthcare Materials,,2025,3
https://scholar.google.com/citations?view_op=view_citation&hl=en&user=CHvd3SUAAAAJ&cstart=20&pagesize=80&citation_for_view=CHvd3SUAAAAJ:dQ2og3OwTAUC,Eco-friendly synthesis & antibacterial applications of metal nanoparticles,"MA Huq, MM Rahman, P Singh, S Akter",Frontiers in Bioengineering and Biotechnology,,2023,3
https://scholar.google.com/citations?view_op=view_citation&hl=en&user=CHvd3SUAAAAJ&cstart=20&pagesize=80&citation_for_view=CHvd3SUAAAAJ:j3f4tGmQtD8C,Distribution of antimicrobial ε-polylysine producing marine microbe in sea water along west coast of India,P Singh,Biomater Med,,2018,3
https://scholar.google.com/citations?view_op=view_citation&hl=en&user=CHvd3SUAAAAJ&cstart=20&pagesize=80&citation_for_view=CHvd3SUAAAAJ:fPk4N6BV_jEC,"Paenibacilluspuernese sp. nov., a β-glucosidase-producing bacterium isolated from Pu’er tea","DD Wang, YJ Kim, VA Hoang, NL Nguyen, P Singh, C Wang, ...",Archives of microbiology,198 (3),2016,3
https://scholar.google.com/citations?view_op=view_citation&hl=en&user=CHvd3SUAAAAJ&cstart=20&pagesize=80&citation_for_view=CHvd3SUAAAAJ:uLbwQdceFCQC,Microbial cell Systems for polyhydroxyalkanoate production and its diverse applications,"N Kunjar, P Singh, VJ Upadhye, A Shrivastava",Whole-Cell Biocatalysis,,2024,2
https://scholar.google.com/citations?view_op=view_citation&hl=en&user=CHvd3SUAAAAJ&cstart=20&pagesize=80&citation_for_view=CHvd3SUAAAAJ:XD-gHx7UXLsC,Biogenic vs. Chemical AgNPs: A Comparison of Antimicrobial Potency and Stability,"M Madhusudanan, I Mijakovic, Singh, P",International Journal of Molecular Sciences,27 (1),2025,1
https://scholar.google.com/citations?view_op=view_citation&hl=en&user=CHvd3SUAAAAJ&cstart=20&pagesize=80&citation_for_view=CHvd3SUAAAAJ:z_wVstp3MssC,Strain-Specific Bacillus subtilis-Derived Silver Nanoparticles for Effective Antibacterial Activity Against Multidrug-Resistant Pathogens: In Vitro Model,"P Singh, I Mijakovic",International Journal of Nanomedicine,,2025,1
https://scholar.google.com/citations?view_op=view_citation&hl=en&user=CHvd3SUAAAAJ&cstart=20&pagesize=80&citation_for_view=CHvd3SUAAAAJ:35r97b3x0nAC,Anti-Cancer Potential of Copper-NTB Complex via Damaging Cellular Organelles and Apoptosis in Triple-Negative Breast Cancer Therapy,"SR Balusamy, M Balamurugan, S Nag, S Mohanto, MF Elsadek, ...",Nanoselect,,2025,1
https://scholar.google.com/citations?view_op=view_citation&hl=en&user=CHvd3SUAAAAJ&cstart=20&pagesize=80&citation_for_view=CHvd3SUAAAAJ:evX43VCCuoAC,Comparative anti-cancer properties of carene isoforms induced apoptotic cell death in stomach and lung cancer cell lines,"SR Balusamy, A Samad, P Singh, S Sunderraj, MF Elsadek, N Altwaijry, ...",Naunyn-Schmiedeberg's Archives of Pharmacology,,2025,1
https://scholar.google.com/citations?view_op=view_citation&hl=en&user=CHvd3SUAAAAJ&cstart=20&pagesize=80&citation_for_view=CHvd3SUAAAAJ:uc_IGeMz5qoC,Engineering combination nanomedicines to overcome cancer resistance,"H Singh, SR Balusamy, J Sukweenadhi, A Shrivastav, A Mohanprasanth, ...",RSC Advances,,2026,
https://scholar.google.com/citations?view_op=view_citation&hl=en&user=CHvd3SUAAAAJ&cstart=20&pagesize=80&citation_for_view=CHvd3SUAAAAJ:0KyAp5RtaNEC,A Novel Approach to Combating Antibiotic Resistance: A Chitosan-Based Nanocomposite with Green AgNPs and Gentamicin,"M Madhusudanan, P Singh, V Ghai, S Pandit, R Kádár, I Mijakovic",International Journal of Molecular Sciences,27 (2),2026,
https://scholar.google.com/citations?view_op=view_citation&hl=en&user=CHvd3SUAAAAJ&cstart=20&pagesize=80&citation_for_view=CHvd3SUAAAAJ:uJ-U7cs_P_0C,Advances in Precision Oncology Using Patient-Derived Organoids and Functional Biomaterials,"S Hina, M Ivan, S Priyanka",Frontiers in Cell and Developmental Biology,,2025,
https://scholar.google.com/citations?view_op=view_citation&hl=en&user=CHvd3SUAAAAJ&cstart=20&pagesize=80&citation_for_view=CHvd3SUAAAAJ:mB3voiENLucC,Studies on Various Parameters Involved in Conjugation of Starch with Lysine for Excellent Emulsification Properties Using Response Surface Methodology,"S Bhattacharya, P Singh",,,,